{
    "LinearRegression": {
        "MAE": 2733.292351914868,
        "RMSE": 3499.8029938008267,
        "R2": 0.7374567107245037,
        "CV_R2_mean": 0.7322405030879707
    },
    "RandomForest": {
        "MAE": 2034.6579957665367,
        "RMSE": 2798.1390592983385,
        "R2": 0.8321766781793519,
        "CV_R2_mean": 0.8139393614826365
    },
    "XGBoost": {
        "MAE": 2040.9324773098904,
        "RMSE": 2763.336948279219,
        "R2": 0.8363253528657254,
        "CV_R2_mean": 0.8012856096481329
    },
    "NeuralNetwork": {
        "MAE": 4083.889350756029,
        "RMSE": 5097.017523662081,
        "R2": 0.44314005677337054,
        "CV_R2_mean": 0.4396546108101367
    }
}