{
    "LinearRegression": {
        "MAE": 2743.0614946010764,
        "RMSE": 3611.6569618885746,
        "R2": 0.720406730099049,
        "CV_R2_mean": 0.7327001321824644
    },
    "RandomForest": {
        "MAE": 2251.634033197085,
        "RMSE": 3081.881031253661,
        "R2": 0.7964151459659047,
        "CV_R2_mean": 0.794634445222897
    },
    "XGBoost": {
        "MAE": 2218.3574776195824,
        "RMSE": 3028.435208049571,
        "R2": 0.8034150354578516,
        "CV_R2_mean": 0.7872524117931736
    },
    "NeuralNetwork": {
        "MAE": 4113.4892881088035,
        "RMSE": 5200.347991686269,
        "R2": 0.42033305215078987,
        "CV_R2_mean": 0.4455775706205521
    }
}